case_id,base_fixture_path,fixture_raw_sha256,max_length,canonical_input_sha256,exit_code,stdout_sha256,status,primary_classification,legacy_cutoff,oracle_cutoff,full_target_tokens,retained_target_tokens,supervised_target_tokens,truncated_target_tokens,prompt_leakage_positions,cross_boundary_positions,elimination_causes,indeterminate_reasons
aligned,fixtures/token-boundary/aligned.v1.json,47564f771516691fbe5fe8b2d55bc5c945ad383714c92d878830d82d84e7801f,2,8e5311899613fab09499bb5b11540518d1bd31f2197f064d293af60ef0e86c4a,1,71121b26432a3963a8e2e462cb6b35ede287996054fae670729fea5f88297cba,fail,target_eliminated,2,,2,0,0,2,,,truncation,
aligned,fixtures/token-boundary/aligned.v1.json,47564f771516691fbe5fe8b2d55bc5c945ad383714c92d878830d82d84e7801f,3,82fa3efde0bd1630b1718a4fbe1c6343e1b3794937d18864e276148b51264ca4,1,120301b35589ce020e1a4bee88a18db83b8a0a79a994922c23a0ba4252912208,fail,partial_target_truncation,2,2,2,1,1,1,,,,
aligned,fixtures/token-boundary/aligned.v1.json,47564f771516691fbe5fe8b2d55bc5c945ad383714c92d878830d82d84e7801f,4,ad117d463d42719685b643cbcd1ff0f07adc461e7785e95b4d057a82f96ea733,0,60733bf69f4cdc1d1f9f95856ae23c7d3390610c1dbcf13811805042f1c40f87,pass,aligned,2,2,2,2,2,0,,,,
aligned,fixtures/token-boundary/aligned.v1.json,47564f771516691fbe5fe8b2d55bc5c945ad383714c92d878830d82d84e7801f,5,66fe6ed4e8a2d3fee5c91076602ad43a66d2785f7093929c0a71b30ed0417537,0,61b0f28739d7c43e99b8fe2bb473761ad8f25ec58b08f64054d9e04505bfce18,pass,aligned,2,2,2,2,2,0,,,,
aligned,fixtures/token-boundary/aligned.v1.json,47564f771516691fbe5fe8b2d55bc5c945ad383714c92d878830d82d84e7801f,6,84e95a5c9113be3853edd3b3633e2bd7d3c88fd37dc333b3adf6b333a318a27e,0,2ae5735789f9d8ecd8fc450697def20244b11bfacde6825adf3945e30293064e,pass,aligned,2,2,2,2,2,0,,,,
aligned,fixtures/token-boundary/aligned.v1.json,47564f771516691fbe5fe8b2d55bc5c945ad383714c92d878830d82d84e7801f,7,5f755d8de1ca76eb3276df959aa94cc53f1ad3a0661f19e7535fdc8fae943bb4,0,12150e36e117b1348f0f5c179740a33dd6d665dff85fe930315828159ddaaac8,pass,aligned,2,2,2,2,2,0,,,,
aligned,fixtures/token-boundary/aligned.v1.json,47564f771516691fbe5fe8b2d55bc5c945ad383714c92d878830d82d84e7801f,8,0420859da2f88bf5cef15f33bef51dfef928d4870fde1fdd6ab353703e6aa103,0,49f851a6d89d25d5aee9d8b68548883dfbc2962a5610e9b55c2dfde176ac6d76,pass,aligned,2,2,2,2,2,0,,,,
aligned,fixtures/token-boundary/aligned.v1.json,47564f771516691fbe5fe8b2d55bc5c945ad383714c92d878830d82d84e7801f,9,263b686df8563e35a4fa3c45e8873bcd6059e2cb160d3497f851d256da55317d,0,feaa1c09974cc93bb116e214f528a9cade080f8d00367c66b5fa66cd42cf9c26,pass,aligned,2,2,2,2,2,0,,,,
merge-cross-boundary,fixtures/token-boundary/merge-cross-boundary.v1.json,4c0ddbc30422e085ca8edf0aed09ffeda4a186c97029ad0ee31253bd74db3c97,2,d9bbf3e9e5bcb7213f47f95538e521f7500f91c09d6a81142021753e421afc43,1,6e65654ccc4ab2e86d8f46b8beebc46c1c8229aa848cdef05bfd8a0ee838f27d,fail,cross_boundary_token,2,,0,0,0,0,,1,,
merge-cross-boundary,fixtures/token-boundary/merge-cross-boundary.v1.json,4c0ddbc30422e085ca8edf0aed09ffeda4a186c97029ad0ee31253bd74db3c97,3,26dabd8af3dd54cab7944ad179651a51ee5977f3673f4a4663cdcd04e8993d30,1,dcd88655a50ffe18a9476fc8dcf52e3779ecad3b208d7eddbc03f67e47d37ebb,fail,cross_boundary_token,2,,0,0,0,0,,1,,
merge-cross-boundary,fixtures/token-boundary/merge-cross-boundary.v1.json,4c0ddbc30422e085ca8edf0aed09ffeda4a186c97029ad0ee31253bd74db3c97,4,7dce8862cc645ed653df00324c3aeb5154443e440796af827101227c396274be,1,17cd67de3d0bde7a751675aac9a3806f68fb605a104b411829833045d35fb88c,fail,cross_boundary_token,2,,0,0,0,0,,1,,
merge-cross-boundary,fixtures/token-boundary/merge-cross-boundary.v1.json,4c0ddbc30422e085ca8edf0aed09ffeda4a186c97029ad0ee31253bd74db3c97,5,26061c826d00f95e2b1bf80031c194679667169a5891a1beb51b2e5cd0d248ac,1,be68751a276f06d87a6b61c29c21365f9c6d1c5ab12d80613fdd1bfc46f3074d,fail,cross_boundary_token,2,,0,0,0,0,,1,,
merge-cross-boundary,fixtures/token-boundary/merge-cross-boundary.v1.json,4c0ddbc30422e085ca8edf0aed09ffeda4a186c97029ad0ee31253bd74db3c97,6,24542ab18025aa814971aac51caf1a981a00064ceaeefa30993a71f6d03c5317,1,88c9d74165df30d08b0c07c9ebcbd9c52d10e9fced78f3174b1ab43ee7bab09a,fail,cross_boundary_token,2,,0,0,0,0,,1,,
merge-cross-boundary,fixtures/token-boundary/merge-cross-boundary.v1.json,4c0ddbc30422e085ca8edf0aed09ffeda4a186c97029ad0ee31253bd74db3c97,7,4927d4724170bd6df8be8fc2915975ebdc5c4b83bb924054c7b0cca012d5b04b,1,b07bd11aadc36d083dca734a20cb9e2bada28c0471079ba251f3977157219547,fail,cross_boundary_token,2,,0,0,0,0,,1,,
merge-cross-boundary,fixtures/token-boundary/merge-cross-boundary.v1.json,4c0ddbc30422e085ca8edf0aed09ffeda4a186c97029ad0ee31253bd74db3c97,8,9d045174341cdb5836d41590b4733e7844e1977f065a8d9f5a93a1283c888cd2,1,b4c7364274c4c0f43c70db7b8b3e852cc4d4fbefeefd0d77ff60d7eef460721b,fail,cross_boundary_token,2,,0,0,0,0,,1,,
merge-cross-boundary,fixtures/token-boundary/merge-cross-boundary.v1.json,4c0ddbc30422e085ca8edf0aed09ffeda4a186c97029ad0ee31253bd74db3c97,9,5da43764814502b7fb57e977f10a16fec3fc386b26e1cef13876264c0e6f7cb4,1,7b1790c929438e98909e60e7eef456ff3ed93816286e99101534a5c096dfaacb,fail,cross_boundary_token,2,,0,0,0,0,,1,,
nfc-cross-boundary,fixtures/token-boundary/nfc-cross-boundary.v1.json,d526241f40533c571fccc75586ec01631278f897f689ff4bad0c36aaf49ba7c3,2,ba9cf1a2242ef19c35ac499dd632a963a4766267328d3f9fe84b7f25fa44da87,1,51d23a664435c29e529d7c138e810973fdb4f57b7b90b41bff11c28c45c676de,fail,cross_boundary_token,2,,1,0,0,1,,1,truncation,
nfc-cross-boundary,fixtures/token-boundary/nfc-cross-boundary.v1.json,d526241f40533c571fccc75586ec01631278f897f689ff4bad0c36aaf49ba7c3,3,30a842b9d080ca36d1966a861995c14562d6c5225a1462cf7b60c88e84d7b44a,1,fbd9d3cbc14e815438bec2244a57fbdca18e2f82ec14fe8c93993206f63aeb0e,fail,cross_boundary_token,2,2,1,1,1,0,,1,,
nfc-cross-boundary,fixtures/token-boundary/nfc-cross-boundary.v1.json,d526241f40533c571fccc75586ec01631278f897f689ff4bad0c36aaf49ba7c3,4,b0da681c6fbb654da6811c93201dab2eb959ca1e0a885fb6a7238a10bad28acb,1,1ad684e2fb038acf6740fc335b1d0dc09ffa74925110a063750a539f827f6153,fail,cross_boundary_token,2,2,1,1,1,0,,1,,
nfc-cross-boundary,fixtures/token-boundary/nfc-cross-boundary.v1.json,d526241f40533c571fccc75586ec01631278f897f689ff4bad0c36aaf49ba7c3,5,39c708f4fe7a3bbf93091f0ab2bf9a927cdf364850a97e26450060d7841dee56,1,522329871efd17aca94780ec9b0608321866871ee25eca5553f088b0ba158863,fail,cross_boundary_token,2,2,1,1,1,0,,1,,
nfc-cross-boundary,fixtures/token-boundary/nfc-cross-boundary.v1.json,d526241f40533c571fccc75586ec01631278f897f689ff4bad0c36aaf49ba7c3,6,4ce28125ad8d6f4b515b32f1e6fdf8b30a13cae8968a28b5226afd4a7e2c848b,1,94e4046acf79f2a9fa4640cfb74ad52225685b031257c2f36d3253cd98ec3353,fail,cross_boundary_token,2,2,1,1,1,0,,1,,
nfc-cross-boundary,fixtures/token-boundary/nfc-cross-boundary.v1.json,d526241f40533c571fccc75586ec01631278f897f689ff4bad0c36aaf49ba7c3,7,4ce8d955b27d972625ec0ca2015b710b724c79554dc9e48f717f3e8b44f99d89,1,6e745f39ee7b52f6aa01613d011e04109f89f0a81ba4c67d68edcacef7e64978,fail,cross_boundary_token,2,2,1,1,1,0,,1,,
nfc-cross-boundary,fixtures/token-boundary/nfc-cross-boundary.v1.json,d526241f40533c571fccc75586ec01631278f897f689ff4bad0c36aaf49ba7c3,8,c1d9ab41a7e3b0ce5cd6f14fd0b119dd9f6ea47d43ce3477cdd3bbab38ae934c,1,1aeec08efe815ca11b599b1b9427c94a951aebfa2c004e3733fa06b3a662344a,fail,cross_boundary_token,2,2,1,1,1,0,,1,,
nfc-cross-boundary,fixtures/token-boundary/nfc-cross-boundary.v1.json,d526241f40533c571fccc75586ec01631278f897f689ff4bad0c36aaf49ba7c3,9,92537479684e904fd470b4e5149a5b1f189d08faa6b006ae5eaf29b672475845,1,e0d0dea8a1a2279a38521b3d7b5f6a67b56414b20443cc8edeef6e250af00ba0,fail,cross_boundary_token,2,2,1,1,1,0,,1,,
normalized-away,fixtures/token-boundary/normalized-away.v1.json,4d4fa0e8e911c9c2e4235c8de9faacf6f78e5b304d81317248965dd82b4a001f,2,82a1d7d443cd617030ef6376c935790ecc4fe8068d60f45edcc35ce70887e803,1,0ff882bd8ca8253981bdcad5ca594837fc76c86ec102a590901a007111e71c22,indeterminate,indeterminate,2,,0,0,0,0,,,,target.no_attributable_token
normalized-away,fixtures/token-boundary/normalized-away.v1.json,4d4fa0e8e911c9c2e4235c8de9faacf6f78e5b304d81317248965dd82b4a001f,3,a13661ab281e71afc4caf570d132229ef2c6bc3fae09e60373298a26e89c28d4,1,780523f53a12f1a493d5408aa15a775b69b5fcd03612dbaf2981ded2bfc9214f,indeterminate,indeterminate,2,,0,0,0,0,,,,target.no_attributable_token
normalized-away,fixtures/token-boundary/normalized-away.v1.json,4d4fa0e8e911c9c2e4235c8de9faacf6f78e5b304d81317248965dd82b4a001f,4,a60e1ca3533171dd01f459fe81968373b2f8b5d36d87fb21d098318951430e65,1,2bb50f86df60be49c33bab5d62c4ca0b9b1707655b6fa913b8fa7c5ca499e1b7,indeterminate,indeterminate,2,,0,0,0,0,,,,target.no_attributable_token
normalized-away,fixtures/token-boundary/normalized-away.v1.json,4d4fa0e8e911c9c2e4235c8de9faacf6f78e5b304d81317248965dd82b4a001f,5,66c6e429e3215255d884bff7a82b659419c00399b58bb95bed23f02bae402b86,1,68d11aa552bcf69372828b0508f73e8a31eb7b3420dee2e403fa1b6d40fb2ba5,indeterminate,indeterminate,2,,0,0,0,0,,,,target.no_attributable_token
normalized-away,fixtures/token-boundary/normalized-away.v1.json,4d4fa0e8e911c9c2e4235c8de9faacf6f78e5b304d81317248965dd82b4a001f,6,323ff3c8af78d817153a275b0995122a8c1e5b5b45b185645c9288b12b80681e,1,f0e0cd6b70dc9013a59986a9fdbc57e53b3981870feac3eb98eefe980c300f46,indeterminate,indeterminate,2,,0,0,0,0,,,,target.no_attributable_token
normalized-away,fixtures/token-boundary/normalized-away.v1.json,4d4fa0e8e911c9c2e4235c8de9faacf6f78e5b304d81317248965dd82b4a001f,7,4d4c8610495bd9b0b5bfc35cd2d611bdb61a62f1a31ec2a86ec69b480c9dad65,1,4464c12e7e07d6d97fc3f1a67aec5cfee4bf9866cedfaa1ed0dca57c1e0d3e52,indeterminate,indeterminate,2,,0,0,0,0,,,,target.no_attributable_token
normalized-away,fixtures/token-boundary/normalized-away.v1.json,4d4fa0e8e911c9c2e4235c8de9faacf6f78e5b304d81317248965dd82b4a001f,8,ad0b507c46de21390bd3cf0cf6445b6ca0fa88159055d7f6c4f87adf0807351f,1,ef5b1e1ced0609f09c5bf4a8a05c31406d0e0fe0a662287583eaed57bc5bf475,indeterminate,indeterminate,2,,0,0,0,0,,,,target.no_attributable_token
normalized-away,fixtures/token-boundary/normalized-away.v1.json,4d4fa0e8e911c9c2e4235c8de9faacf6f78e5b304d81317248965dd82b4a001f,9,971ee49142929a04ce07f55c6a98d63c0b146c16951f0bf104ef1c25ee9cb678,1,cf34fc8238f92f91f2e194d930c5b7df47c5a2004d0170fd1e3dc138a04a70c5,indeterminate,indeterminate,2,,0,0,0,0,,,,target.no_attributable_token
partial-truncation,fixtures/token-boundary/partial-truncation.v1.json,2c2fc8b7f4cd7a590c18bacdb5502b6d95af3ac5dbde8652c6cf372f0bf49f4e,2,1e6f4287c29e44e35fbfb851f76f1ea87449cfb7382857a78bbf02642c682098,1,c966da055cb05ecfad3ccf43101d4562ed66748990bffd0e778c3806f531b4c1,fail,target_eliminated,2,,4,0,0,4,,,truncation,
partial-truncation,fixtures/token-boundary/partial-truncation.v1.json,2c2fc8b7f4cd7a590c18bacdb5502b6d95af3ac5dbde8652c6cf372f0bf49f4e,3,70d3df0a39ab465cbbd8cdd505666ae57f8eb40ca7d4fa6e557b401a63b426f2,1,048133cded68b5c2036666b1485255a085f97fe0155a5d9fe8bff422236d8413,fail,target_eliminated,3,,4,0,0,4,,,truncation,
partial-truncation,fixtures/token-boundary/partial-truncation.v1.json,2c2fc8b7f4cd7a590c18bacdb5502b6d95af3ac5dbde8652c6cf372f0bf49f4e,4,a3265075b38167823429203d6e4b6c280e3f80df3fef9a77f05fb8908fa07099,1,529a2309cdae0caacc1003a29b9f01b3c69c2dd8d7bcbed1dd24a455e7bd4c5d,fail,target_eliminated,4,,4,0,0,4,,,truncation,
partial-truncation,fixtures/token-boundary/partial-truncation.v1.json,2c2fc8b7f4cd7a590c18bacdb5502b6d95af3ac5dbde8652c6cf372f0bf49f4e,5,324e4e5e03f6bd1b58c81182968b73e9ca8df3fb1e4b54675333bf52d361cb43,1,2d08fa4a34c8b91835f99d4fc283e92a05641710b40126870eaf119d7e389803,fail,partial_target_truncation,4,4,4,1,1,3,,,,
partial-truncation,fixtures/token-boundary/partial-truncation.v1.json,2c2fc8b7f4cd7a590c18bacdb5502b6d95af3ac5dbde8652c6cf372f0bf49f4e,6,01d7d2e859e7645ac4ce9d6e9ee65bbe3c1ccebd5f6edab89993965e4a3e8fd7,1,35186327542ccaeb3d3f6ce1f6d1ff85b25c23bc02a36ace71cc9ab0cfcc0179,fail,partial_target_truncation,4,4,4,2,2,2,,,,
partial-truncation,fixtures/token-boundary/partial-truncation.v1.json,2c2fc8b7f4cd7a590c18bacdb5502b6d95af3ac5dbde8652c6cf372f0bf49f4e,7,93297ae4ea87f1f4534ac1133ac228471d9cbe42b9f97fa8e78a650487c4862c,1,dd6f62cd3ada724de93792ac6816990f538963003b838f73c702cb84024793c9,fail,partial_target_truncation,4,4,4,3,3,1,,,,
partial-truncation,fixtures/token-boundary/partial-truncation.v1.json,2c2fc8b7f4cd7a590c18bacdb5502b6d95af3ac5dbde8652c6cf372f0bf49f4e,8,9016bb89cd42e45ed69dfbb956186f20ee8c4ee858933420f0afb3f92cde61e1,0,47f91fe468afd17a12a764b08d0f9f04bb9ebe0e696262f6f3ab3ec52d8bf050,pass,aligned,4,4,4,4,4,0,,,,
partial-truncation,fixtures/token-boundary/partial-truncation.v1.json,2c2fc8b7f4cd7a590c18bacdb5502b6d95af3ac5dbde8652c6cf372f0bf49f4e,9,eae903333fabbcbc2adf48855fd638ea3e6693c002755f0f2a9a8b399cc6934f,0,17a8b902ea082b2e88ecc870bc0f3c1d6145bc9aff78befbeee4a8ddc38b6ea4,pass,aligned,4,4,4,4,4,0,,,,
right-strip-drift,fixtures/token-boundary/right-strip-drift.v1.json,3c17b4f20be66a6c2608e4ccc6c09cead04004988754101d7e5478df6ea323ef,2,e85d98549a29ee4c0050230f4761c91a46a69950fde477c4c77c8878c424bd2a,1,9621b3a0cb446d1f2f57c0dd6fa0e25be2be8176a569972dc0f405df42b63971,fail,target_eliminated,2,,1,0,0,1,,,truncation,
right-strip-drift,fixtures/token-boundary/right-strip-drift.v1.json,3c17b4f20be66a6c2608e4ccc6c09cead04004988754101d7e5478df6ea323ef,3,638df1793b7309aaae2ef8548b4141bd5cb06c88c2e09fa850edd72a92742bcd,1,ae4f08d20cd570c8563e1fab103a7fd7e8f785039f1a7583386512704c412d09,fail,target_eliminated,2,,1,0,0,1,2,,truncation,
right-strip-drift,fixtures/token-boundary/right-strip-drift.v1.json,3c17b4f20be66a6c2608e4ccc6c09cead04004988754101d7e5478df6ea323ef,4,1af320de032c49c306ef8f18f4af6bf845b3b180f6b1201a37f10020b06bdf4a,1,fadcc427c1203cc23ff73ab8998ddefe61faf87c976e7d21c6f9e9d3da35f7dd,fail,boundary_drift,2,3,1,1,1,0,2,,,
right-strip-drift,fixtures/token-boundary/right-strip-drift.v1.json,3c17b4f20be66a6c2608e4ccc6c09cead04004988754101d7e5478df6ea323ef,5,b7265ebb85bd4e1e5af6b8d235ec5ef72ae8aeaca3638727a11cce57483410a3,1,59fb777031c89c196f62ea1a643cd7ccd9cc5267a89f41ec671b70cf30b24706,fail,boundary_drift,2,3,1,1,1,0,2,,,
right-strip-drift,fixtures/token-boundary/right-strip-drift.v1.json,3c17b4f20be66a6c2608e4ccc6c09cead04004988754101d7e5478df6ea323ef,6,abb142ee56bc01f696a78ccdb62b4a9dab15628e308655a603ff75813beceea2,1,6c95b26599f976d3731e5fd3bd3801c7228904f668b0e07341738820d14f1857,fail,boundary_drift,2,3,1,1,1,0,2,,,
right-strip-drift,fixtures/token-boundary/right-strip-drift.v1.json,3c17b4f20be66a6c2608e4ccc6c09cead04004988754101d7e5478df6ea323ef,7,bb2e27eb3fb1d7f1b9ec7822dc6584a93f75bd8e47ca7fb4461f58e89d349f33,1,b27eb147bcf5fe521bbc33a5458db025c60dff7006c63f1d61fd27232a71fb6e,fail,boundary_drift,2,3,1,1,1,0,2,,,
right-strip-drift,fixtures/token-boundary/right-strip-drift.v1.json,3c17b4f20be66a6c2608e4ccc6c09cead04004988754101d7e5478df6ea323ef,8,d13b14596e7e8f7bfdb968ff7808100a7d2cd4fe4f05dba55f1854c5edf74648,1,ffe7b5194512f64c5d998acef0f3d7d026f29cb4f3fef26b28ca9b1baee95e01,fail,boundary_drift,2,3,1,1,1,0,2,,,
right-strip-drift,fixtures/token-boundary/right-strip-drift.v1.json,3c17b4f20be66a6c2608e4ccc6c09cead04004988754101d7e5478df6ea323ef,9,b61b11147b2e6cb27276878e22a21872f6b4e14a861534b02f1630ca3fbe59b9,1,72a845d6265839295a7ba02e2e27e59c78a44aabaf3d2f2edf58bc48b9ed574f,fail,boundary_drift,2,3,1,1,1,0,2,,,
target-eliminated,fixtures/token-boundary/target-eliminated.v1.json,1c86ebe0feae22c43c3ecb27c1a17489e4a4b55ce3b57573bcda7fe87ec5a5d7,2,7a33a8572f5cc5694748c888469ab7eaa6482fa7ccd19b4bd9f7f0584dcd7553,1,99677a7c70b538272419b6f57bdb6ef731b4a0170a234dbd777dcbbd7a499626,fail,target_eliminated,2,,1,0,0,1,,,truncation,
target-eliminated,fixtures/token-boundary/target-eliminated.v1.json,1c86ebe0feae22c43c3ecb27c1a17489e4a4b55ce3b57573bcda7fe87ec5a5d7,3,f1950a208d6377caee4a0af76a986309eed5eca5f30a4f3094cb8ac81cb80ed0,1,f2ff09862f2f3499a98766cc017cf55535434795cda39dd64b8632b0464fbd1a,fail,target_eliminated,3,,1,0,0,1,,,truncation,
target-eliminated,fixtures/token-boundary/target-eliminated.v1.json,1c86ebe0feae22c43c3ecb27c1a17489e4a4b55ce3b57573bcda7fe87ec5a5d7,4,e254d1c81753b71741c992687569efe7c1c7a0dbfc56f2b1a88c1b1871a011bd,1,0402889abeb8bc4167263cc6e2524d7af438c4b3a77258e0d9b8e6dbdab7f3e9,fail,target_eliminated,4,,1,0,0,1,,,truncation,
target-eliminated,fixtures/token-boundary/target-eliminated.v1.json,1c86ebe0feae22c43c3ecb27c1a17489e4a4b55ce3b57573bcda7fe87ec5a5d7,5,035465571acbbf6647ac7eb15489eac06282e1e2ee09754450a6c2e256dcb50c,1,d5c2121a22967b0a187882d978a66a919d653f8997649402e9e3e1246a73e48f,fail,target_eliminated,5,,1,0,0,1,,,truncation,
target-eliminated,fixtures/token-boundary/target-eliminated.v1.json,1c86ebe0feae22c43c3ecb27c1a17489e4a4b55ce3b57573bcda7fe87ec5a5d7,6,46cdad1e88a6a4681032c59454430c6ae3f559731ea2a800ae8247821edc3447,0,410b84c629fbcae31e28ca7ab7e17aced290fd6297e89e36f7b1d3af3c5810e4,pass,aligned,5,5,1,1,1,0,,,,
target-eliminated,fixtures/token-boundary/target-eliminated.v1.json,1c86ebe0feae22c43c3ecb27c1a17489e4a4b55ce3b57573bcda7fe87ec5a5d7,7,bff778ae1a50ae4a145365f3308058a00fd481e156ad7eea97214f6d0beff62d,0,09e06d7107bad8d918ace11059b34b6c63496dbb7bbfee60d60468fc530c1edf,pass,aligned,5,5,1,1,1,0,,,,
target-eliminated,fixtures/token-boundary/target-eliminated.v1.json,1c86ebe0feae22c43c3ecb27c1a17489e4a4b55ce3b57573bcda7fe87ec5a5d7,8,291b0b20aafe70ce5b5e212dc8207476a565240757ecb3b90e8c3ebb0245c733,0,d67331716101f32b87bad3455edd9898cb4caa8da06aa62533db298ceb394d50,pass,aligned,5,5,1,1,1,0,,,,
target-eliminated,fixtures/token-boundary/target-eliminated.v1.json,1c86ebe0feae22c43c3ecb27c1a17489e4a4b55ce3b57573bcda7fe87ec5a5d7,9,6e46a87be51df1ec8c2ad4575b66e04e659e8161c4552a77ebe9fc3920140173,0,27d8ac7af8ba29b430d6e4066fd8d6574a6497d5d940e16adb76ff305d927f1c,pass,aligned,5,5,1,1,1,0,,,,
